author_id,paper_id,review_date
44,1,2024-09-20
46,1,2024-05-22
26,1,2024-11-04
49,1,2024-06-16
12,1,2024-06-10
31,2,2024-04-15
5,2,2025-01-04
45,2,2025-01-02
17,3,2024-02-24
43,4,2024-10-13
3,5,2024-10-05
25,5,2025-04-12
17,5,2024-02-26
32,5,2024-01-11
11,5,2025-01-01
49,6,2025-01-15
14,7,2023-05-30
46,7,2025-02-14
31,7,2025-01-28
2,8,2023-09-16
45,8,2024-08-16
7,8,2025-03-20
49,8,2023-09-18
3,8,2024-12-15
38,9,2024-07-22
29,9,2024-03-18
2,9,2025-04-07
37,10,2024-04-17
26,10,2024-01-27
21,10,2024-10-20
9,10,2025-01-30
16,10,2024-01-26
31,11,2024-08-12
32,11,2024-08-02
13,11,2025-01-18
18,11,2023-11-17
24,11,2024-06-02
49,12,2024-11-03
31,13,2024-08-16
25,13,2024-08-09
35,13,2024-05-12
1,14,2024-01-07
5,14,2024-05-02
15,14,2023-05-24
13,15,2024-01-10
47,15,2025-03-18
7,15,2024-05-30
17,16,2023-08-19
48,17,2024-01-18
21,18,2024-06-18
32,18,2024-01-25
26,18,2023-04-28
42,19,2024-05-12
38,19,2023-06-21
48,19,2024-09-05
43,19,2023-07-06
12,19,2024-06-23
42,20,2024-01-26
49,20,2023-10-12
18,20,2024-11-27
39,20,2025-02-01
1,20,2024-10-27
42,21,2023-06-30
33,22,2023-12-02
31,22,2024-06-09
46,22,2023-08-05
5,22,2025-01-20
26,22,2024-06-13
21,23,2023-08-06
14,23,2024-01-19
38,23,2024-04-07
3,23,2023-06-13
8,23,2023-11-22
3,24,2024-05-14
18,24,2024-11-26
20,24,2024-07-01
29,24,2024-01-27
25,24,2024-11-28
23,25,2023-09-25
38,26,2024-11-30
44,26,2024-04-01
43,26,2024-03-07
15,26,2024-05-06
5,26,2023-06-03
16,27,2025-03-19
27,28,2023-12-07
23,28,2023-07-27
40,28,2025-02-24
47,29,2024-05-26
36,30,2024-07-16
18,30,2025-03-26
30,30,2025-01-29
19,30,2023-12-24
24,30,2024-07-13
22,31,2023-07-08
46,31,2024-12-20
31,31,2025-02-01
12,31,2025-03-15
37,31,2024-11-08
31,32,2025-03-22
33,32,2023-08-10
42,32,2023-12-07
20,33,2024-07-20
10,34,2024-06-07
12,35,2025-01-25
34,36,2024-09-13
9,36,2024-06-10
25,36,2023-05-16
22,36,2025-04-02
4,36,2023-05-25
33,37,2024-12-23
20,37,2023-11-13
23,37,2023-06-03
36,38,2024-05-07
32,39,2024-12-14
46,40,2024-10-09
5,40,2024-12-25
24,40,2023-08-08
2,40,2025-01-26
35,40,2024-09-02
17,41,2023-12-31
12,42,2024-12-22
21,42,2023-05-03
4,42,2025-03-25
27,42,2023-07-15
2,42,2023-12-31
26,43,2024-03-10
45,43,2025-03-07
50,43,2024-04-16
27,44,2025-02-02
12,44,2024-12-29
43,44,2023-08-12
34,44,2025-01-30
35,44,2023-10-14
38,45,2023-12-07
27,46,2023-10-09
8,46,2024-04-02
37,46,2024-11-12
34,47,2023-11-08
2,47,2024-09-04
30,47,2023-06-28
37,47,2024-11-15
33,47,2024-11-21
6,48,2024-03-28
28,48,2024-01-30
38,48,2024-06-28
24,49,2023-05-23
49,50,2023-07-20
49,51,2024-05-30
35,51,2024-07-31
3,51,2025-02-12
29,51,2023-08-08
37,51,2024-05-12
36,52,2025-01-14
17,52,2024-10-08
31,52,2023-07-16
12,52,2023-05-24
49,52,2025-04-10
39,53,2024-05-22
16,53,2024-12-27
24,53,2025-03-11
37,54,2025-03-14
25,54,2023-11-07
46,54,2024-01-22
20,55,2024-11-24
5,55,2025-01-08
25,55,2024-06-07
31,55,2025-01-15
15,55,2024-03-08
17,56,2025-02-05
43,57,2024-11-29
17,57,2024-06-03
28,57,2024-09-13
22,57,2023-08-24
40,57,2023-07-11
8,58,2024-06-10
27,59,2023-08-12
38,60,2024-01-13
45,61,2025-03-21
8,62,2024-01-21
25,62,2023-05-09
20,62,2025-04-16
48,62,2023-12-19
24,62,2024-10-21
36,63,2023-09-29
1,63,2025-04-24
13,63,2023-06-02
12,64,2023-07-29
42,65,2025-02-13
15,65,2023-06-01
24,65,2024-04-01
46,66,2025-02-09
6,66,2023-09-07
11,66,2024-03-11
17,67,2023-11-30
34,67,2025-04-24
15,67,2024-12-10
10,67,2024-09-12
47,67,2024-11-11
35,68,2025-04-19
48,68,2024-08-21
6,68,2025-03-02
20,68,2024-02-27
4,68,2024-05-24
17,69,2025-03-21
45,70,2024-12-20
25,71,2024-06-28
26,72,2024-01-31
49,72,2024-03-09
6,72,2024-06-24
46,72,2024-11-24
18,72,2024-03-08
41,73,2024-12-21
13,73,2024-04-05
18,73,2025-01-28
37,74,2025-01-08
14,75,2024-02-13
5,75,2024-08-03
8,75,2025-03-04
39,75,2024-12-11
19,75,2024-02-23
8,76,2024-06-05
3,77,2025-02-01
23,77,2024-01-05
19,77,2024-03-20
23,78,2023-05-23
27,78,2023-05-19
13,78,2024-04-17
35,78,2024-09-14
22,78,2023-09-18
24,79,2024-09-17
32,80,2023-12-20
10,80,2024-12-28
37,80,2024-03-08
1,81,2024-01-23
27,81,2024-08-29
6,81,2024-11-13
19,82,2024-09-04
17,82,2025-02-22
44,82,2024-12-25
23,82,2025-04-06
25,82,2025-04-02
37,83,2023-07-25
25,83,2024-06-05
44,83,2023-11-08
15,84,2024-11-14
21,84,2024-03-24
25,84,2023-08-19
45,84,2024-05-21
33,84,2023-07-23
41,85,2024-08-02
20,86,2023-08-08
10,87,2025-03-05
14,88,2024-04-03
40,88,2025-03-22
48,88,2025-03-18
10,89,2023-09-14
26,89,2024-12-28
45,89,2023-09-04
9,90,2023-06-24
15,90,2025-02-08
6,90,2024-12-31
43,91,2025-04-17
16,92,2025-01-30
47,92,2023-08-06
43,92,2024-09-07
40,93,2024-07-27
20,94,2023-07-20
40,95,2024-04-06
45,95,2024-07-13
15,95,2023-09-20
35,96,2025-03-03
45,97,2025-03-21
20,98,2023-10-22
1,98,2023-07-12
27,98,2024-03-12
3,98,2023-08-26
19,98,2024-01-19
36,99,2023-08-27
26,99,2025-03-25
21,99,2024-12-28
45,100,2025-04-09
13,100,2024-09-22
31,100,2024-12-12
25,101,2023-07-27
17,102,2025-03-30
40,102,2024-07-03
45,102,2023-07-14
24,103,2025-03-18
33,104,2024-01-24
4,104,2025-02-01
36,104,2023-10-15
28,104,2023-07-11
7,104,2024-02-15
22,105,2023-07-04
20,105,2025-02-26
46,105,2023-12-02
35,105,2024-07-06
43,105,2023-07-10
50,106,2024-07-21
21,107,2024-12-11
47,107,2024-08-02
3,107,2024-12-02
46,107,2024-08-12
32,107,2023-05-29
34,108,2024-12-16
2,109,2024-10-13
48,110,2024-09-01
17,110,2024-10-07
24,110,2023-06-15
31,111,2024-11-04
46,111,2024-05-25
45,111,2024-05-07
38,111,2025-03-31
27,111,2025-03-26
2,112,2024-03-21
20,112,2024-07-30
30,112,2023-11-06
40,113,2023-06-04
42,113,2023-12-25
28,113,2023-10-30
5,113,2023-09-29
30,113,2024-08-02
36,114,2023-11-05
33,114,2023-06-09
10,114,2025-02-18
17,115,2023-05-10
49,116,2023-09-11
27,116,2024-04-30
36,116,2023-12-19
44,116,2023-11-25
10,116,2023-12-13
10,117,2023-12-02
30,117,2025-01-08
42,117,2023-10-18
49,118,2023-09-02
12,119,2024-05-27
15,120,2024-02-29
11,120,2024-07-05
42,120,2025-04-11
9,120,2024-10-06
22,120,2025-01-29
44,121,2023-06-26
39,121,2024-11-10
21,121,2024-11-28
4,122,2024-12-11
33,122,2023-09-10
39,122,2023-09-05
23,122,2023-07-27
10,122,2024-06-09
24,123,2024-07-18
29,123,2023-12-17
4,123,2025-01-07
12,124,2023-05-01
18,125,2024-01-25
11,125,2024-08-22
39,125,2023-07-10
43,125,2023-05-23
19,125,2023-06-13
33,126,2025-01-15
12,127,2024-04-26
35,127,2024-03-26
38,127,2023-12-19
46,128,2024-08-24
16,128,2025-03-13
32,128,2024-02-02
5,129,2023-05-06
42,129,2025-01-21
7,129,2023-04-30
4,129,2023-11-18
16,129,2024-04-13
16,130,2024-07-11
3,131,2024-01-11
26,132,2024-03-16
37,132,2024-08-15
10,132,2023-12-30
11,132,2024-07-28
35,132,2024-03-19
47,133,2024-09-07
21,133,2024-04-17
8,133,2023-08-25
19,133,2024-02-06
16,133,2023-08-25
31,134,2024-09-20
6,134,2025-02-04
9,134,2023-06-20
16,135,2023-08-14
15,135,2024-04-15
26,135,2025-02-04
46,136,2023-11-13
11,136,2025-02-18
27,136,2024-06-19
49,137,2023-07-02
50,137,2024-04-24
42,137,2024-04-21
32,138,2024-05-27
37,138,2023-10-18
48,138,2024-04-02
34,138,2024-06-21
41,138,2025-01-19
37,139,2024-01-04
16,139,2024-01-31
28,139,2024-12-01
40,139,2025-02-25
5,139,2025-03-02
36,140,2023-06-20
5,141,2024-01-02
9,142,2023-09-01
1,142,2024-08-27
18,142,2025-02-14
40,142,2024-07-10
24,142,2025-02-24
27,143,2024-10-22
14,143,2024-12-20
30,143,2024-12-05
39,144,2023-10-23
44,145,2024-07-04
28,145,2023-06-25
27,145,2025-02-18
33,146,2023-05-07
19,146,2024-03-19
9,146,2024-06-11
35,146,2023-07-20
29,146,2024-09-03
11,147,2023-11-28
38,148,2023-07-28
11,149,2024-04-13
2,150,2024-03-03
50,150,2025-01-02
11,150,2024-11-29
